time,srtt
0.053630750154,0.006625
